{
  "providers": {
    "awscloudformation": {
      "AuthRoleName": "amplify-myapp3-dev-05635-authRole",
      "UnauthRoleArn": "arn:aws:iam::392965552217:role/amplify-myapp3-dev-05635-unauthRole",
      "AuthRoleArn": "arn:aws:iam::392965552217:role/amplify-myapp3-dev-05635-authRole",
      "Region": "ap-south-1",
      "DeploymentBucketName": "amplify-myapp3-dev-05635-deployment",
      "UnauthRoleName": "amplify-myapp3-dev-05635-unauthRole",
      "StackName": "amplify-myapp3-dev-05635",
      "StackId": "arn:aws:cloudformation:ap-south-1:392965552217:stack/amplify-myapp3-dev-05635/ec1412e0-e27d-11eb-84a6-0afc48daa206",
      "AmplifyAppId": "di4hzl5yobie6"
    }
  },
  "auth": {
    "myapp31933d202": {
      "service": "Cognito",
      "providerPlugin": "awscloudformation",
      "dependsOn": [],
      "customAuth": false,
      "providerMetadata": {
        "s3TemplateURL": "https://s3.amazonaws.com/amplify-myapp3-dev-05635-deployment/amplify-cfn-templates/auth/myapp31933d202-cloudformation-template.yml",
        "logicalId": "authmyapp31933d202"
      },
      "lastPushTimeStamp": "2021-07-11T19:36:45.159Z",
      "output": {
        "UserPoolId": "ap-south-1_2Kh3wLx9n",
        "AppClientIDWeb": "72gj1dudc8k3k84k2nh7546et4",
        "AppClientID": "5dslm6ikh6cekrsf88adj0i06v",
        "IdentityPoolId": "ap-south-1:e6e4f10d-c4a3-434b-82de-b147fe52fb1b",
        "UserPoolArn": "arn:aws:cognito-idp:ap-south-1:392965552217:userpool/ap-south-1_2Kh3wLx9n",
        "IdentityPoolName": "myapp31933d202_identitypool_1933d202__dev",
        "UserPoolName": "myapp31933d202_userpool_1933d202"
      },
      "lastPushDirHash": "mkqnCN2IlLPGVQXfqXoZKseMg6c="
    }
  },
  "storage": {
    "s3multiplefileupload": {
      "service": "S3",
      "providerPlugin": "awscloudformation",
      "providerMetadata": {
        "s3TemplateURL": "https://s3.amazonaws.com/amplify-myapp3-dev-05635-deployment/amplify-cfn-templates/storage/s3-cloudformation-template.json",
        "logicalId": "storages3multiplefileupload"
      },
      "lastPushTimeStamp": "2021-07-11T19:36:45.159Z",
      "output": {
        "BucketName": "myapp34de2242b4e4944258ffcfc7afdb2316805635-dev",
        "Region": "ap-south-1"
      },
      "lastPushDirHash": "BNH3HSS0SrQfKZBf5H6tcdvLCC4="
    }
  }
}